<?xml version="1.0" encoding="UTF-8"?>
<MyGUI version="1.1" type="Resource">
  <Resource type="ResourceTrueTypeFont" name="DefaultSmall">
    <Property value="SourceSansPro-Regular.ttf" key="Source"/>
    <Property value="9" key="Size"/>
  </Resource>
  <Resource type="ResourceTrueTypeFont" name="Default">
    <Property value="SourceSansPro-Regular.ttf" key="Source"/>
    <Property value="10" key="Size"/>
  </Resource>
  <Resource type="ResourceTrueTypeFont" name="DefaultBig">
    <Property value="SourceSansPro-Regular.ttf" key="Source"/>
    <Property value="14" key="Size"/>
  </Resource>
</MyGUI>
