<?xml version="1.0" encoding="UTF-8"?>
<MyGUI type="Resource" version="1.1">
	<Resource type="ResourceTrueTypeFont" name="DefaultDashFont">
		<Property key="Source" value="bluebold.ttf"/>
		<Property key="Size" value="14"/>
		<Property key="Resolution" value="100"/>
		<Property key="Antialias" value="true"/>
		<Property key="TabWidth" value="8"/>
		<Property key="OffsetHeight" value="0"/>
		<Codes>
			<Code range="33 126"/>
			<Code range="1025 1105"/>
			<Code range="8470"/>
			<Code hide="128"/>
			<Code hide="1026 1039"/>
			<Code hide="1104"/>
		</Codes>
	</Resource>
	
	<Resource type="ResourceTrueTypeFont" name="Digital-7">
		<Property key="Source" value="digital-7.mono.ttf"/>
		<Property key="Size" value="48"/>
		<Property key="Resolution" value="100"/>
		<Property key="Antialias" value="true"/>
		<Property key="TabWidth" value="8"/>
		<Property key="OffsetHeight" value="0"/>
		<Codes>
			<Code range="33 126"/>
			<Code range="1025 1105"/>
			<Code range="8470"/>
			<Code hide="128"/>
			<Code hide="1026 1039"/>
			<Code hide="1104"/>
		</Codes>
	</Resource>
	
	<Resource type="ResourceTrueTypeFont" name="Digital-7-18">
		<Property key="Source" value="digital-7.mono.ttf"/>
		<Property key="Size" value="18"/>
		<Property key="Resolution" value="100"/>
		<Property key="Antialias" value="true"/>
		<Property key="TabWidth" value="8"/>
		<Property key="OffsetHeight" value="0"/>
		<Codes>
			<Code range="33 126"/>
			<Code range="1025 1105"/>
			<Code range="8470"/>
			<Code hide="128"/>
			<Code hide="1026 1039"/>
			<Code hide="1104"/>
		</Codes>
	</Resource>
</MyGUI>
