<?xml version="1.0" encoding="UTF-8"?>
<MyGUI type="Resource" version="1.1">
    <Resource type="ResourceTrueTypeFont" name="Default">
        <Property key="Source" value="DejaVuSans.ttf"/>
        <Property key="Size" value="9"/>
        <Property key="TabWidth" value="8"/>
        <Property key="OffsetHeight" value="0"/>
    </Resource>
    <Resource type="ResourceTrueTypeFont" name="DefaultBig">
        <Property key="Source" value="DejaVuSans.ttf"/>
        <Property key="Size" value="15"/>
        <Property key="TabWidth" value="8"/>
        <Property key="OffsetHeight" value="0"/>
    </Resource>
    <Resource type="ResourceTrueTypeFont" name="DefaultSmall">
        <Property key="Source" value="DejaVuSans.ttf"/>
        <Property key="Size" value="9"/>
        <Property key="TabWidth" value="8"/>
        <Property key="OffsetHeight" value="0"/>
    </Resource>
</MyGUI>
